pid,name,arrival,first_start,completion,execution_time,waiting,turnaround,response,stretch,scheduler,subqueue
346,kworker/u272:1-flush-8:0,0,13924,13931,26,13924,13931,13924,535.8076923076923,CFS,cfs_1
41,migration/4,0,0,228,229,0,228,0,0.9956331877729258,FIFO,fifo_1
348,kworker/13:2-events,0,14275,14288,52,14275,14288,14275,274.7692307692308,CFS,cfs_1
349,kworker/u264:1-writeback,0,16189,16604,1419,16189,16604,16189,11.701198026779423,CFS,cfs_1
358,kworker/R-mpt_p,0,11026,11026,1,11026,11026,11026,11026.0,CFS,cfs_1
359,kworker/R-mpt/0,0,11246,11246,1,11246,11246,11246,11246.0,CFS,cfs_1
360,kworker/u267:1-writeback,0,13844,13848,17,13844,13848,13844,814.5882352941177,CFS,cfs_1
361,scsi_eh_2,0,0,0,1,0,0,0,0.0,FIFO,fifo_1
362,kworker/R-scsi_,0,10891,10891,1,10891,10891,10891,10891.0,CFS,cfs_1
363,scsi_eh_3,0,0,8,9,0,8,0,0.8888888888888888,FIFO,fifo_1
279,kworker/4:1H,0,14572,14573,3,14572,14573,14572,4857.666666666667,CFS,cfs_1
312,kworker/10:1H-kblockd,0,13875,13908,130,13875,13908,13875,106.98461538461538,CFS,cfs_1
317,kworker/12:1H-kblockd,0,15020,15023,15,15020,15023,15020,1001.5333333333333,CFS,cfs_1
151,kworker/R-md_bi,0,1093,1093,1,1093,1093,1093,1093.0,CFS,cfs_1
321,kworker/13:1H-kblockd,0,14166,14202,143,14166,14202,14166,99.31468531468532,CFS,cfs_1
324,kworker/3:1H-kblockd,0,14370,14450,322,14370,14450,14370,44.87577639751553,CFS,cfs_1
40,idle_inject/4,0,0,0,1,0,0,0,0.0,FIFO,fifo_1
347,kworker/u256:1-ext4-rsv-conversion,0,13761,13825,257,13761,13825,13761,53.793774319066145,CFS,cfs_1
7,kworker/R-netns,0,1570,1570,1,1570,1570,1570,1570.0,CFS,cfs_1
8,kworker/0:0-mm_percpu_wq,0,15505,15520,61,15505,15520,15505,254.4262295081967,CFS,cfs_1
9,kworker/0:0H-events_highpri,0,14767,14767,2,14767,14767,14767,7383.5,CFS,cfs_1
12,kworker/R-mm_pe,0,4084,4085,3,4084,4085,4084,1361.6666666666667,CFS,cfs_1
13,rcu_tasks_kthread,0,1,1,1,1,1,1,1.0,FIFO,fifo_1
14,rcu_tasks_rude_kthread,0,1,1,1,1,1,1,1.0,FIFO,fifo_1
15,rcu_tasks_trace_kthread,0,9800,9801,4,9800,9801,9800,2450.25,CFS,cfs_1
16,ksoftirqd/0,0,15622,15623,6,15622,15623,15622,2603.8333333333335,CFS,cfs_1
34,idle_inject/3,0,2,2,1,2,2,2,2.0,FIFO,fifo_1
149,kworker/R-ata_s,0,1099,1099,1,1099,1099,1099,1099.0,CFS,cfs_1
33,cpuhp/3,0,2,2,1,2,2,2,2.0,FIFO,fifo_1
396,scsi_eh_19,0,11319,11319,1,11319,11319,11319,11319.0,CFS,cfs_1
3,pool_workqueue_release,0,3,3,1,3,3,3,3.0,FIFO,fifo_1
384,scsi_eh_13,0,3,6,4,3,6,3,1.5,FIFO,fifo_1
385,kworker/R-scsi_,0,10802,10802,1,10802,10802,10802,10802.0,CFS,cfs_1
386,scsi_eh_14,0,9953,9955,9,9953,9955,9953,1106.111111111111,CFS,cfs_1
387,kworker/R-scsi_,0,11010,11010,1,11010,11010,11010,11010.0,CFS,cfs_1
388,scsi_eh_15,0,4,9,6,4,9,4,1.5,FIFO,fifo_1
389,kworker/R-scsi_,0,11317,11317,1,11317,11317,11317,11317.0,CFS,cfs_1
390,scsi_eh_16,0,7,14,8,7,14,7,1.75,FIFO,fifo_1
391,kworker/R-scsi_,0,11324,11324,1,11324,11324,11324,11324.0,CFS,cfs_1
392,scsi_eh_17,0,10802,10802,1,10802,10802,10802,10802.0,CFS,cfs_1
377,scsi_eh_10,0,9,17,9,9,17,9,1.8888888888888888,FIFO,fifo_1
378,kworker/R-scsi_,0,11318,11318,1,11318,11318,11318,11318.0,CFS,cfs_1
379,scsi_eh_11,0,11320,11322,9,11320,11322,11320,1258.0,CFS,cfs_1
380,kworker/R-scsi_,0,11026,11026,1,11026,11026,11026,11026.0,CFS,cfs_1
381,scsi_eh_12,0,11247,11249,9,11247,11249,11247,1249.888888888889,CFS,cfs_1
382,kworker/R-scsi_,0,11027,11027,1,11027,11027,11027,11027.0,CFS,cfs_1
383,kworker/u271:2-flush-8:0,0,13654,13677,95,13654,13677,13654,143.96842105263158,CFS,cfs_1
4,kworker/R-rcu_g,0,1190,1190,1,1190,1190,1190,1190.0,CFS,cfs_1
42,ksoftirqd/4,0,14817,14819,11,14817,14819,14817,1347.1818181818182,CFS,cfs_1
45,cpuhp/5,0,10,11,2,10,11,10,5.5,FIFO,fifo_1
46,idle_inject/5,0,12,12,1,12,12,12,12.0,FIFO,fifo_1
47,migration/5,0,13,241,229,13,241,13,1.0524017467248907,FIFO,fifo_1
48,ksoftirqd/5,0,16110,16113,6,16110,16113,16110,2685.5,CFS,cfs_1
50,kworker/5:0H-kblockd,0,16110,16371,348,16110,16371,16110,47.043103448275865,CFS,cfs_1
51,cpuhp/6,0,15,15,1,15,15,15,15.0,FIFO,fifo_1
52,idle_inject/6,0,16,16,1,16,16,16,16.0,FIFO,fifo_1
364,kworker/R-scsi_,0,11318,11318,1,11318,11318,11318,11318.0,CFS,cfs_1
2,kthreadd,0,13858,13866,34,13858,13866,13858,407.8235294117647,CFS,cfs_1
150,kworker/R-md,0,1108,1108,1,1108,1108,1108,1108.0,CFS,cfs_1
35,migration/3,0,17,245,229,17,245,17,1.0698689956331877,FIFO,fifo_1
37,kworker/3:0-events,0,14345,14368,57,14345,14368,14345,252.0701754385965,CFS,cfs_1
39,cpuhp/4,0,18,19,2,18,19,18,9.5,FIFO,fifo_1
20,cpuhp/0,0,20,21,2,20,21,20,10.5,FIFO,fifo_1
117,kworker/u263:0-loop5,0,22,27,6,22,27,22,4.5,FIFO,fifo_1
118,kworker/u264:0-writeback,0,16608,17079,1661,16608,17079,16608,10.282360024081878,CFS,cfs_1
119,kworker/u265:0-writeback,0,12421,12424,13,12421,12424,12421,955.6923076923077,CFS,cfs_1
123,kworker/u269:0-events_unbound,0,15616,15621,22,15616,15621,15616,710.0454545454545,CFS,cfs_1
27,cpuhp/2,0,11332,11332,1,11332,11332,11332,11332.0,CFS,cfs_1
28,idle_inject/2,0,28,28,1,28,28,28,28.0,FIFO,fifo_1
29,migration/2,0,29,262,234,29,262,29,1.1196581196581197,FIFO,fifo_1
30,ksoftirqd/2,0,14291,14293,9,14291,14293,14291,1588.111111111111,CFS,cfs_1
31,kworker/2:0-events,0,14319,14330,45,14319,14330,14319,318.44444444444446,CFS,cfs_1
32,kworker/2:0H-kblockd,0,14202,14266,258,14202,14266,14202,55.29457364341085,CFS,cfs_1
70,idle_inject/9,0,229,229,1,229,229,229,229.0,FIFO,fifo_1
71,migration/9,0,230,464,235,230,464,230,1.974468085106383,FIFO,fifo_1
17,rcu_preempt,0,14472,14531,238,14472,14531,14472,61.054621848739494,CFS,cfs_1
18,migration/0,0,242,246,5,242,246,242,49.2,FIFO,fifo_1
19,idle_inject/0,0,246,246,1,246,246,246,246.0,FIFO,fifo_1
116,kworker/u262:0-events_freezable_power_,0,16113,16164,131,16113,16164,16113,123.38931297709924,CFS,cfs_1
21,cpuhp/1,0,247,255,9,247,255,247,28.333333333333332,FIFO,fifo_1
22,idle_inject/1,0,247,247,1,247,247,247,247.0,FIFO,fifo_1
23,migration/1,0,248,474,227,248,474,248,2.0881057268722465,FIFO,fifo_1
24,ksoftirqd/1,0,17119,17130,28,17119,17130,17119,611.7857142857143,CFS,cfs_1
82,idle_inject/11,0,256,256,1,256,256,256,256.0,FIFO,fifo_1
83,migration/11,0,257,485,229,257,485,257,2.1179039301310043,FIFO,fifo_1
84,ksoftirqd/11,0,14592,14593,4,14592,14593,14592,3648.25,CFS,cfs_1
87,cpuhp/12,0,263,264,2,263,264,263,132.0,FIFO,fifo_1
88,idle_inject/12,0,265,265,1,265,265,265,265.0,FIFO,fifo_1
90,ksoftirqd/12,0,15614,15615,6,15614,15615,15614,2602.5,CFS,cfs_1
108,ksoftirqd/15,0,13961,13962,5,13961,13962,13961,2792.4,CFS,cfs_1
93,cpuhp/13,0,266,267,2,266,267,266,133.5,FIFO,fifo_1
89,migration/12,0,268,498,231,268,498,268,2.155844155844156,FIFO,fifo_1
74,kworker/9:0H-kblockd,0,14768,14811,176,14768,14811,14768,84.1534090909091,CFS,cfs_1
57,cpuhp/7,0,11394,11394,2,11394,11394,11394,5697.0,CFS,cfs_1
5,kworker/R-rcu_p,0,17117,17121,5,17117,17121,17117,3424.2,CFS,cfs_1
6,kworker/R-slub_,0,1544,1544,1,1544,1544,1544,1544.0,CFS,cfs_1
62,kworker/7:0H-kblockd,0,16608,16776,224,16608,16776,16608,74.89285714285714,CFS,cfs_1
63,cpuhp/8,0,11341,11341,1,11341,11341,11341,11341.0,CFS,cfs_1
64,idle_inject/8,0,465,465,1,465,465,465,465.0,FIFO,fifo_1
65,migration/8,0,466,694,229,466,694,466,3.03056768558952,FIFO,fifo_1
66,ksoftirqd/8,0,12408,12408,2,12408,12408,12408,6204.0,CFS,cfs_1
68,kworker/8:0H-kblockd,0,12409,12421,49,12409,12421,12409,253.48979591836735,CFS,cfs_1
69,cpuhp/9,0,475,479,5,475,479,475,95.8,FIFO,fifo_1
36,ksoftirqd/3,0,14368,14369,5,14368,14369,14368,2873.8,CFS,cfs_1
53,migration/6,0,480,708,229,480,708,480,3.091703056768559,FIFO,fifo_1
54,ksoftirqd/6,0,12305,12305,3,12305,12305,12305,4101.666666666667,CFS,cfs_1
55,kworker/6:0-cgwb_release,0,11669,11672,12,11669,11672,11669,972.6666666666666,CFS,cfs_1
56,kworker/6:0H-events_highpri,0,12301,12302,6,12301,12302,12301,2050.3333333333335,CFS,cfs_1
234,kworker/u278:0-ttm,0,11393,11393,1,11393,11393,11393,11393.0,CFS,cfs_1
1104,kworker/9:2H-kblockd,0,14532,14571,158,14532,14571,14532,92.22151898734177,CFS,cfs_1
59,migration/7,0,486,716,231,486,716,486,3.0995670995670994,FIFO,fifo_1
60,ksoftirqd/7,0,16604,16608,15,16604,16608,16604,1107.2,CFS,cfs_1
124,kworker/u270:0-writeback,0,14153,14159,28,14153,14159,14153,505.67857142857144,CFS,cfs_1
125,kworker/u271:0-writeback,0,13680,13689,40,13680,13689,13680,342.225,CFS,cfs_1
126,kworker/u272:0-events_unbound,0,499,503,5,499,503,499,100.6,FIFO,fifo_1
127,kdevtmpfs,0,11674,11676,6,11674,11676,11674,1946.0,CFS,cfs_1
128,kworker/R-inet_,0,1109,1109,1,1109,1109,1109,1109.0,CFS,cfs_1
129,kworker/u257:1-writeback,0,504,504,1,504,504,504,504.0,FIFO,fifo_1
130,kauditd,0,11394,11395,5,11394,11395,11394,2279.0,CFS,cfs_1
132,khungtaskd,0,17094,17106,48,17094,17106,17094,356.375,CFS,cfs_1
72,ksoftirqd/9,0,15003,15005,12,15003,15005,15003,1250.4166666666667,CFS,cfs_1
73,kworker/9:0-events,0,11644,11647,10,11644,11647,11644,1164.7,CFS,cfs_1
115,kworker/u261:0-flush-8:0,0,14288,14290,10,14288,14290,14288,1429.0,CFS,cfs_1
158,kswapd0,0,505,507,3,505,507,505,169.0,FIFO,fifo_1
828,kworker/R-crypt,0,11392,11392,1,11392,11392,11392,11392.0,CFS,cfs_1
1818,xdg-document-portal,0,3275,3294,76,3275,3294,3275,43.3421052631579,CFS,cfs_1
879,kworker/1:2H-kblockd,0,17093,17093,1,17093,17093,17093,17093.0,CFS,cfs_1
1110,ModemManager,0,2708,3244,1655,2708,3244,2708,1.96012084592145,CFS,cfs_1
947,VGAuthService,0,5412,5426,57,5412,5426,5412,95.19298245614036,CFS,cfs_1
192,irq/53-pciehp,0,508,508,1,508,508,508,508.0,FIFO,fifo_1
196,kworker/u258:1-events_power_efficient,0,17130,17155,70,17130,17155,17130,245.07142857142858,CFS,cfs_1
195,kworker/1:1-events,0,17111,17117,19,17111,17117,17111,900.8947368421053,CFS,cfs_1
194,irq/55-pciehp,0,509,509,1,509,509,509,509.0,FIFO,fifo_1
193,irq/54-pciehp,0,510,510,1,510,510,510,510.0,FIFO,fifo_1
186,irq/48-pciehp,0,511,511,1,511,511,511,511.0,FIFO,fifo_1
191,irq/52-pciehp,0,512,514,3,512,514,512,171.33333333333334,FIFO,fifo_1
152,kworker/R-edac-,0,1121,1121,1,1121,1121,1121,1121.0,CFS,cfs_1
153,kworker/R-devfr,0,1121,1121,1,1121,1121,1121,1121.0,CFS,cfs_1
154,watchdogd,0,515,515,1,515,515,515,515.0,FIFO,fifo_1
791,kworker/u263:4-writeback,0,12302,12305,10,12302,12305,12302,1230.5,CFS,cfs_1
159,ecryptfs-kthread,0,516,516,1,516,516,516,516.0,FIFO,fifo_1
160,kworker/R-kthro,0,5126,5128,9,5126,5128,5126,569.7777777777778,CFS,cfs_1
161,irq/24-pciehp,0,517,517,1,517,517,517,517.0,FIFO,fifo_1
162,irq/25-pciehp,0,518,518,1,518,518,518,518.0,FIFO,fifo_1
216,kworker/R-ipv6_,0,1930,1930,1,1930,1930,1930,1930.0,CFS,cfs_1
218,kworker/2:2-cgroup_destroy,0,11651,11653,9,11651,11653,11651,1294.7777777777778,CFS,cfs_1
220,kworker/13:1-mm_percpu_wq,0,13931,13940,38,13931,13940,13931,366.8421052631579,CFS,cfs_1
184,irq/46-pciehp,0,519,519,1,519,519,519,519.0,FIFO,fifo_1
185,irq/47-pciehp,0,520,520,1,520,520,520,520.0,FIFO,fifo_1
170,irq/32-pciehp,0,521,521,1,521,521,521,521.0,FIFO,fifo_1
183,irq/45-pciehp,0,522,522,1,522,522,522,522.0,FIFO,fifo_1
182,irq/44-pciehp,0,523,523,1,523,523,523,523.0,FIFO,fifo_1
202,kworker/10:1-rcu_par_gp,0,13857,13858,3,13857,13858,13857,4619.333333333333,CFS,cfs_1
204,scsi_eh_0,0,5617,5619,11,5617,5619,5617,510.8181818181818,CFS,cfs_1
1478,kworker/u275:2-ttm,0,17110,17116,7,17110,17116,17110,2445.1428571428573,CFS,cfs_1
1076,kworker/10:3-events,0,13848,13857,36,13848,13857,13848,384.9166666666667,CFS,cfs_1
411,kworker/R-scsi_,0,11246,11246,1,11246,11246,11246,11246.0,CFS,cfs_1
1117,cupsd,0,3619,4026,1632,3619,4026,3619,2.4669117647058822,CFS,cfs_1
1529,packagekitd,0,5763,5797,138,5763,5797,5763,42.007246376811594,CFS,cfs_1
1700,colord,0,2035,2051,66,2035,2051,2035,31.075757575757574,CFS,cfs_1
1769,gdm-session-worker,0,1545,1558,56,1545,1558,1545,27.821428571428573,CFS,cfs_1
1779,systemd,0,7087,7365,1110,7087,7365,7087,6.635135135135135,CFS,cfs_1
1780,(sd-pam),0,524,525,2,524,525,524,262.5,FIFO,fifo_1
1786,pipewire,0,1085,1093,33,1085,1093,1085,33.121212121212125,CFS,cfs_1
1787,pipewire-media-session,0,1046,1050,14,1046,1050,1046,75.0,CFS,cfs_1
1803,gnome-keyring-daemon,0,4503,4524,86,4503,4524,4503,52.604651162790695,CFS,cfs_1
1278,kworker/7:2H-kblockd,0,16171,16174,5,16171,16174,16171,3234.8,CFS,cfs_1
1325,rtkit-daemon,0,1542,1544,9,1542,1544,1542,171.55555555555554,CFS,cfs_1
1477,kworker/u275:1-ttm,0,11673,11674,6,11673,11674,11673,1945.6666666666667,CFS,cfs_1
205,kworker/R-scsi_,0,9800,9800,1,9800,9800,9800,9800.0,CFS,cfs_1
1479,kworker/u278:1,0,11673,11673,1,11673,11673,11673,11673.0,CFS,cfs_1
1482,kworker/u277:1-ttm,0,17110,17112,3,17110,17112,17110,5704.0,CFS,cfs_1
1520,upowerd,0,1094,1109,59,1094,1109,1094,18.796610169491526,CFS,cfs_1
1526,kworker/8:3-rcu_par_gp,0,11647,11650,14,11647,11650,11647,832.1428571428571,CFS,cfs_1
1122,unattended-upgr,0,2273,2690,1669,2273,2690,2273,1.6117435590173756,CFS,cfs_1
1140,kworker/5:2H,0,15959,15960,3,15959,15960,15959,5320.0,CFS,cfs_1
1149,sshd,0,4150,4155,20,4150,4155,4150,207.75,CFS,cfs_1
1165,gdm3,0,2026,2034,36,2026,2034,2026,56.5,CFS,cfs_1
1179,dbus,0,2076,2077,5,2076,2077,2076,415.4,CFS,cfs_1
1227,cups-browsed,0,1050,1063,54,1050,1063,1050,19.685185185185187,CFS,cfs_1
1243,kerneloops,0,1928,1930,10,1928,1930,1928,193.0,CFS,cfs_1
1254,kerneloops,0,4081,4084,14,4081,4084,4081,291.7142857142857,CFS,cfs_1
423,kworker/R-scsi_,0,11319,11319,1,11319,11319,11319,11319.0,CFS,cfs_1
451,kworker/u266:28-events_unbound,0,15006,15011,22,15006,15011,15006,682.3181818181819,CFS,cfs_1
237,kworker/u281:0-ttm,0,11662,11663,7,11662,11663,11662,1666.142857142857,CFS,cfs_1
172,irq/34-pciehp,0,526,526,1,526,526,526,526.0,FIFO,fifo_1
173,irq/35-pciehp,0,527,527,1,527,527,527,527.0,FIFO,fifo_1
174,irq/36-pciehp,0,528,528,1,528,528,528,528.0,FIFO,fifo_1
175,irq/37-pciehp,0,529,529,1,529,529,529,529.0,FIFO,fifo_1
176,irq/38-pciehp,0,530,530,1,530,530,530,530.0,FIFO,fifo_1
177,irq/39-pciehp,0,531,531,1,531,531,531,531.0,FIFO,fifo_1
178,irq/40-pciehp,0,532,532,1,532,532,532,532.0,FIFO,fifo_1
163,kworker/15:1-cgroup_destroy,0,13941,13949,25,13941,13949,13941,557.96,CFS,cfs_1
164,irq/26-pciehp,0,533,533,1,533,533,533,533.0,FIFO,fifo_1
165,irq/27-pciehp,0,534,534,1,534,534,534,534.0,FIFO,fifo_1
166,irq/28-pciehp,0,535,535,1,535,535,535,535.0,FIFO,fifo_1
167,irq/29-pciehp,0,536,536,1,536,536,536,536.0,FIFO,fifo_1
168,irq/30-pciehp,0,537,537,1,537,537,537,537.0,FIFO,fifo_1
169,irq/31-pciehp,0,538,544,7,538,544,538,77.71428571428571,FIFO,fifo_1
229,kworker/u273:0,0,2051,2051,2,2051,2051,2051,1025.5,CFS,cfs_1
171,irq/33-pciehp,0,545,545,1,545,545,545,545.0,FIFO,fifo_1
240,kworker/u284:0-ttm,0,14344,14345,6,14344,14345,14344,2390.8333333333335,CFS,cfs_1
242,kworker/u286:0-ttm,0,11664,11666,9,11664,11666,11664,1296.2222222222222,CFS,cfs_1
243,kworker/u287:0-ttm,0,11494,11495,4,11494,11495,11494,2873.75,CFS,cfs_1
244,kworker/u288:0-ttm,0,11495,11495,1,11495,11495,11495,11495.0,CFS,cfs_1
245,kworker/u289:0-ttm,0,13941,13941,2,13941,13941,13941,6970.5,CFS,cfs_1
249,kworker/u269:1-events_power_efficient,0,13587,13588,5,13587,13588,13587,2717.6,CFS,cfs_1
259,kworker/R-charg,0,1866,1867,7,1866,1867,1866,266.7142857142857,CFS,cfs_1
393,kworker/R-scsi_,0,11317,11317,1,11317,11317,11317,11317.0,CFS,cfs_1
394,scsi_eh_18,0,11317,11317,1,11317,11317,11317,11317.0,CFS,cfs_1
367,scsi_eh_5,0,546,546,1,546,546,546,546.0,FIFO,fifo_1
366,kworker/R-scsi_,0,11025,11025,1,11025,11025,11025,11025.0,CFS,cfs_1
365,scsi_eh_4,0,11393,11394,3,11393,11394,11393,3798.0,CFS,cfs_1
315,kworker/11:1H-kblockd,0,13923,13924,4,13923,13924,13923,3481.0,CFS,cfs_1
233,kworker/u277:0-ttm,0,14343,14344,3,14343,14344,14343,4781.333333333333,CFS,cfs_1
370,kworker/R-scsi_,0,10801,10801,1,10801,10801,10801,10801.0,CFS,cfs_1
206,scsi_eh_1,0,547,560,14,547,560,547,40.0,FIFO,fifo_1
207,kworker/R-scsi_,0,5657,5657,1,5657,5657,5657,5657.0,CFS,cfs_1
211,kworker/u271:1-writeback,0,13826,13826,2,13826,13826,13826,6913.0,CFS,cfs_1
212,kworker/u259:1-events_unbound,0,14293,14319,104,14293,14319,14293,137.68269230769232,CFS,cfs_1
214,kworker/R-mld,0,1542,1542,1,1542,1542,1542,1542.0,CFS,cfs_1
190,irq/51-pciehp,0,561,561,1,561,561,561,561.0,FIFO,fifo_1
189,irq/50-pciehp,0,562,562,1,562,562,562,562.0,FIFO,fifo_1
188,irq/49-pciehp,0,563,563,1,563,563,563,563.0,FIFO,fifo_1
187,kworker/u260:1-writeback,0,14330,14343,52,14330,14343,14330,275.8269230769231,CFS,cfs_1
199,kworker/4:1-cgroup_destroy,0,14760,14767,27,14760,14767,14760,546.925925925926,CFS,cfs_1
198,kworker/R-acpi_,0,1084,1084,1,1084,1084,1084,1084.0,CFS,cfs_1
222,kworker/u260:2-flush-8:0,0,14450,14471,86,14450,14471,14450,168.2674418604651,CFS,cfs_1
200,kworker/5:1-events,0,15960,16097,548,15960,16097,15960,29.374087591240876,CFS,cfs_1
369,scsi_eh_6,0,564,572,9,564,572,564,63.55555555555556,FIFO,fifo_1
58,idle_inject/7,0,573,573,1,573,573,573,573.0,FIFO,fifo_1
371,scsi_eh_7,0,574,578,5,574,578,574,115.6,FIFO,fifo_1
372,kworker/R-scsi_,0,11316,11316,1,11316,11316,11316,11316.0,CFS,cfs_1
373,scsi_eh_8,0,579,579,1,579,579,579,579.0,FIFO,fifo_1
374,kworker/R-scsi_,0,9989,9989,1,9989,9989,9989,9989.0,CFS,cfs_1
375,scsi_eh_9,0,580,584,5,580,584,580,116.8,FIFO,fifo_1
376,kworker/R-scsi_,0,10960,10960,1,10960,10960,10960,10960.0,CFS,cfs_1
179,irq/41-pciehp,0,585,585,1,585,585,585,585.0,FIFO,fifo_1
180,irq/42-pciehp,0,586,586,1,586,586,586,586.0,FIFO,fifo_1
181,irq/43-pciehp,0,587,587,1,587,587,587,587.0,FIFO,fifo_1
227,kworker/R-kstrp,0,2708,2708,1,2708,2708,2708,2708.0,CFS,cfs_1
311,kworker/1:1H-kblockd,0,17119,17345,239,17119,17345,17119,72.57322175732217,CFS,cfs_1
230,kworker/u274:0,0,5657,5657,1,5657,5657,5657,5657.0,CFS,cfs_1
232,kworker/u276:0-ttm,0,11495,11495,1,11495,11495,11495,11495.0,CFS,cfs_1
368,kworker/R-scsi_,0,11246,11246,1,11246,11246,11246,11246.0,CFS,cfs_1
75,cpuhp/10,0,588,590,3,588,590,588,196.66666666666666,FIFO,fifo_1
668,kworker/u270:3,0,591,591,1,591,591,591,591.0,FIFO,fifo_1
670,kworker/u267:2-events_unbound,0,13708,13761,210,13708,13761,13708,65.52857142857142,CFS,cfs_1
673,kworker/u265:2-writeback,0,12424,13571,4587,12424,13571,12424,2.958578591672117,CFS,cfs_1
714,irq/57-vmw_vmci,0,592,604,13,592,604,592,46.46153846153846,FIFO,fifo_1
716,irq/58-vmw_vmci,0,605,605,1,605,605,605,605.0,FIFO,fifo_1
717,irq/59-vmw_vmci,0,606,615,10,606,615,606,61.5,FIFO,fifo_1
584,kworker/7:3-events,0,16171,16188,42,16171,16188,16171,385.42857142857144,CFS,cfs_1
590,kworker/u268:2-events_unbound,0,14641,14667,108,14641,14667,14641,135.80555555555554,CFS,cfs_1
594,kworker/u272:2-writeback,0,13963,14042,317,13963,14042,13963,44.29652996845426,CFS,cfs_1
597,kworker/14:2H-kblockd,0,13610,13653,174,13610,13653,13610,78.46551724137932,CFS,cfs_1
602,kworker/u261:1-events_power_efficient,0,14710,14760,199,14710,14760,14710,74.17085427135679,CFS,cfs_1
603,kworker/u261:2-flush-8:0,0,14760,14760,2,14760,14760,14760,7380.0,CFS,cfs_1
609,kworker/0:2H-kblockd,0,15520,15558,152,15520,15558,15520,102.35526315789474,CFS,cfs_1
611,systemd-udevd,0,9801,9953,610,9801,9953,9801,16.31639344262295,CFS,cfs_1
793,kworker/u263:5-events_unbound,0,14898,15002,419,14898,15002,14898,35.80429594272076,CFS,cfs_1
613,kworker/R-ttm,0,11666,11666,2,11666,11666,11666,5833.0,CFS,cfs_1
503,jbd2/sda3-8,0,14043,14137,378,14043,14137,14043,37.3994708994709,CFS,cfs_1
504,kworker/R-ext4-,0,11668,11668,1,11668,11668,11668,11668.0,CFS,cfs_1
543,systemd-journald,0,9555,9752,786,9555,9752,9555,12.407124681933842,CFS,cfs_1
561,kworker/6:3-events,0,12353,12358,18,12353,12358,12353,686.5555555555555,CFS,cfs_1
577,vmware-vmblock-fuse,0,1081,1085,15,1081,1085,1081,72.33333333333333,CFS,cfs_1
583,kworker/9:2-events,0,15011,15019,34,15011,15019,15011,441.7352941176471,CFS,cfs_1
2688,bash,0,11370,11376,27,11370,11376,11370,421.3333333333333,CFS,cfs_1
2891,bash,0,9956,9988,131,9956,9988,9956,76.2442748091603,CFS,cfs_1
2907,kworker/12:2H-kblockd,0,15559,15613,217,15559,15613,15559,71.94930875576037,CFS,cfs_1
2910,kworker/4:2H-kblockd,0,14820,14885,262,14820,14885,14820,56.81297709923664,CFS,cfs_1
2912,kworker/13:2H-kblockd,0,14144,14152,36,14144,14152,14144,393.1111111111111,CFS,cfs_1
1826,xdg-permission-store,0,1741,1745,16,1741,1745,1741,109.0625,CFS,cfs_1
1819,gdm-wayland-session,0,1865,1866,2,1865,1866,1865,933.0,CFS,cfs_1
398,scsi_eh_20,0,11324,11324,1,11324,11324,11324,11324.0,CFS,cfs_1
2567,kworker/u280:1-ttm,0,11669,11669,1,11669,11669,11669,11669.0,CFS,cfs_1
2594,gsd-xsettings,0,1005,1046,143,1005,1046,1005,7.314685314685315,CFS,cfs_1
2603,xdg-desktop-portal-gtk,0,3244,3275,123,3244,3275,3244,26.6260162601626,CFS,cfs_1
2627,ibus-x11,0,5446,5457,46,5446,5457,5446,118.6304347826087,CFS,cfs_1
2670,gnome-terminal-server,0,7447,7730,1135,7447,7730,7447,6.81057268722467,CFS,cfs_1
2530,kworker/u283:3-ttm,0,11667,11668,6,11667,11668,11667,1944.6666666666667,CFS,cfs_1
2533,kworker/u284:1,0,13848,13848,1,13848,13848,13848,13848.0,CFS,cfs_1
2538,kworker/u283:5-ttm,0,11650,11651,3,11650,11651,11650,3883.6666666666665,CFS,cfs_1
2540,kworker/u286:5-ttm,0,15558,15559,5,15558,15559,15558,3111.8,CFS,cfs_1
2557,gjs,0,11028,11246,871,11028,11246,11028,12.911595866819747,CFS,cfs_1
2560,kworker/u285:2-ttm,0,11664,11664,1,11664,11664,11664,11664.0,CFS,cfs_1
2565,kworker/u285:3-ttm,0,11663,11663,1,11663,11663,11663,11663.0,CFS,cfs_1
2568,kworker/u289:1,0,11672,11672,1,11672,11672,11672,11672.0,CFS,cfs_1
2922,kworker/11:2H-kblockd,0,14593,14640,190,14593,14640,14593,77.05263157894737,CFS,cfs_1
2917,kworker/8:2H-kblockd,0,12368,12408,159,12368,12408,12368,78.0377358490566,CFS,cfs_1
1023,snapd,0,9989,10801,3249,9989,10801,9989,3.324407510003078,CFS,cfs_1
2477,gjs,0,5752,5763,45,5752,5763,5752,128.06666666666666,CFS,cfs_1
2484,kworker/u269:3-events_unbound,0,15023,15114,363,15023,15114,15023,41.63636363636363,CFS,cfs_1
2511,kworker/u281:1-ttm,0,11668,11668,1,11668,11668,11668,11668.0,CFS,cfs_1
2516,kworker/u282:3-ttm,0,11660,11660,4,11660,11660,11660,2915.0,CFS,cfs_1
2525,kworker/u282:12-ttm,0,11657,11659,9,11657,11659,11657,1295.4444444444443,CFS,cfs_1
3718,kworker/10:0-mm_percpu_wq,0,616,617,2,616,617,616,308.5,FIFO,fifo_1
3725,kworker/14:0-cgroup_destroy,0,618,618,1,618,618,618,618.0,FIFO,fifo_1
3726,kworker/15:3,0,619,619,1,619,619,619,619.0,FIFO,fifo_1
3733,sudo,0,620,626,7,620,626,620,89.42857142857143,FIFO,fifo_1
3734,sudo,0,627,633,7,627,633,627,90.42857142857143,FIFO,fifo_1
3735,python3,0,7365,7400,142,7365,7400,7365,52.11267605633803,CFS,cfs_1
3736,tracker-extract-3,0,17175,17214,40,17175,17214,17175,430.35,IDLE,idle
2966,kworker/6:2H-kblockd,0,12306,12353,191,12306,12353,12306,64.67539267015707,CFS,cfs_1
612,irq/16-vmwgfx,0,634,680,47,634,680,634,14.46808510638298,FIFO,fifo_1
399,kworker/R-scsi_,0,11026,11026,1,11026,11026,11026,11026.0,CFS,cfs_1
417,kworker/R-scsi_,0,11024,11024,1,11024,11024,11024,11024.0,CFS,cfs_1
418,scsi_eh_30,0,11025,11025,2,11025,11025,11025,5512.5,CFS,cfs_1
419,kworker/R-scsi_,0,11027,11027,1,11027,11027,11027,11027.0,CFS,cfs_1
420,scsi_eh_31,0,681,682,2,681,682,681,341.0,FIFO,fifo_1
421,kworker/R-scsi_,0,11319,11319,1,11319,11319,11319,11319.0,CFS,cfs_1
1,systemd,0,4641,5035,1579,4641,5035,4641,3.188727042431919,CFS,cfs_1
407,kworker/R-scsi_,0,11026,11026,1,11026,11026,11026,11026.0,CFS,cfs_1
408,scsi_eh_25,0,11028,11028,1,11028,11028,11028,11028.0,CFS,cfs_1
409,kworker/R-scsi_,0,11319,11319,1,11319,11319,11319,11319.0,CFS,cfs_1
410,scsi_eh_26,0,9956,9956,1,9956,9956,9956,9956.0,CFS,cfs_1
412,scsi_eh_27,0,11025,11025,1,11025,11025,11025,11025.0,CFS,cfs_1
452,kworker/u266:29-events_unbound,0,14812,14817,21,14812,14817,14812,705.5714285714286,CFS,cfs_1
413,kworker/R-scsi_,0,11324,11324,1,11324,11324,11324,11324.0,CFS,cfs_1
414,scsi_eh_28,0,683,683,1,683,683,683,683.0,FIFO,fifo_1
416,scsi_eh_29,0,11318,11318,1,11318,11318,11318,11318.0,CFS,cfs_1
400,scsi_eh_21,0,11322,11322,1,11322,11322,11322,11322.0,CFS,cfs_1
401,kworker/R-scsi_,0,11027,11027,1,11027,11027,11027,11027.0,CFS,cfs_1
402,scsi_eh_22,0,684,690,7,684,690,684,98.57142857142857,FIFO,fifo_1
403,kworker/R-scsi_,0,11024,11024,1,11024,11024,11024,11024.0,CFS,cfs_1
404,scsi_eh_23,0,691,691,1,691,691,691,691.0,FIFO,fifo_1
405,kworker/R-scsi_,0,11317,11317,1,11317,11317,11317,11317.0,CFS,cfs_1
406,scsi_eh_24,0,11028,11028,1,11028,11028,11028,11028.0,CFS,cfs_1
724,kworker/8:2-mm_percpu_wq,0,13571,13586,63,13571,13586,13571,215.65079365079364,CFS,cfs_1
744,kworker/15:2-mm_percpu_wq,0,13946,13961,56,13946,13961,13946,249.30357142857142,CFS,cfs_1
755,kworker/11:2-mm_percpu_wq,0,14668,14709,165,14668,14709,14668,89.14545454545454,CFS,cfs_1
773,kworker/u259:3-events_unbound,0,14160,14166,26,14160,14166,14160,544.8461538461538,CFS,cfs_1
463,kworker/u268:1-writeback,0,14573,14592,77,14573,14592,14573,189.5064935064935,CFS,cfs_1
456,kworker/u262:2-events_unbound,0,692,692,1,692,692,692,692.0,FIFO,fifo_1
455,kworker/u262:1-writeback,0,16097,16109,50,16097,16109,16097,322.18,CFS,cfs_1
952,kworker/4:3-mm_percpu_wq,0,14885,14898,51,14885,14898,14885,292.11764705882354,CFS,cfs_1
1026,switcheroo-control,0,4088,4092,18,4088,4092,4088,227.33333333333334,CFS,cfs_1
1031,systemd-logind,0,1754,1827,290,1754,1827,1754,6.3,CFS,cfs_1
1035,udisksd,0,5657,5728,285,5657,5728,5657,20.098245614035086,CFS,cfs_1
422,scsi_eh_32,0,11322,11324,7,11322,11324,11322,1617.7142857142858,CFS,cfs_1
1002,cron,0,4077,4080,13,4077,4080,4077,313.84615384615387,CFS,cfs_1
1003,dbus-daemon,0,4155,4250,379,4155,4250,4155,11.213720316622691,CFS,cfs_1
1005,NetworkManager,0,4525,4641,465,4525,4641,4525,9.980645161290322,CFS,cfs_1
1011,irqbalance,0,4093,4100,30,4093,4100,4093,136.66666666666666,CFS,cfs_1
1013,networkd-dispat,0,5361,5412,202,5361,5412,5361,26.792079207920793,CFS,cfs_1
1016,polkitd,0,3402,3607,778,3402,3607,3402,4.636246786632391,CFS,cfs_1
1018,power-profiles-daemon,0,1745,1754,37,1745,1754,1745,47.4054054054054,CFS,cfs_1
1020,rsyslogd,0,3588,3618,87,3588,3618,3588,41.58620689655172,CFS,cfs_1
949,vmtoolsd,0,6064,7038,3897,6064,7038,6064,1.8060046189376444,CFS,cfs_1
951,kworker/3:2H-kblockd,0,13923,13923,2,13923,13923,13923,6961.5,CFS,cfs_1
467,kworker/u270:2-events_unbound,0,14268,14275,27,14268,14275,14268,528.7037037037037,CFS,cfs_1
953,kworker/2:2H-kblockd,0,13922,13923,5,13922,13923,13922,2784.6,CFS,cfs_1
996,kworker/12:3-cgroup_bpf_destroy,0,15119,15504,1541,15119,15504,15119,10.060999351070734,CFS,cfs_1
997,accounts-daemon,0,5619,5644,101,5619,5644,5619,55.881188118811885,CFS,cfs_1
1001,avahi-daemon,0,1827,1848,86,1827,1848,1827,21.488372093023255,CFS,cfs_1
1036,wpa_supplicant,0,1570,1741,684,1570,1741,1570,2.5453216374269005,CFS,cfs_1
1048,avahi-daemon,0,693,693,1,693,693,693,693.0,FIFO,fifo_1
998,acpid,0,1919,1927,35,1919,1927,1919,55.05714285714286,CFS,cfs_1
918,kworker/15:2H,0,13940,13940,1,13940,13940,13940,13940.0,CFS,cfs_1
936,systemd-oomd,0,2077,2185,433,2077,2185,2077,5.046189376443418,CFS,cfs_1
940,kworker/11:3-rcu_gp,0,11653,11657,16,11653,11657,11653,728.5625,CFS,cfs_1
941,systemd-resolved,0,1401,1542,177,1401,1542,1401,8.711864406779661,CFS,cfs_1
942,systemd-timesyncd,0,1868,1895,110,1868,1895,1868,17.227272727272727,CFS,cfs_1
1788,pulseaudio,0,1121,1507,844,1121,1507,1121,1.7855450236966826,CFS,cfs_1
415,kworker/R-scsi_,0,9989,9989,1,9989,9989,9989,9989.0,CFS,cfs_1
94,idle_inject/13,0,694,694,1,694,694,694,694.0,FIFO,fifo_1
2135,gsd-a11y-settings,0,2018,2025,31,2018,2025,2018,65.3225806451613,CFS,cfs_1
2139,ibus-daemon,0,5954,6063,437,5954,6063,5954,13.874141876430206,CFS,cfs_1
2149,gsd-color,0,7808,7884,306,7808,7884,7808,25.764705882352942,CFS,cfs_1
2151,gsd-datetime,0,5729,5752,93,5729,5752,5729,61.8494623655914,CFS,cfs_1
2154,gsd-housekeeping,0,5095,5126,122,5095,5126,5095,42.01639344262295,CFS,cfs_1
2155,gsd-keyboard,0,4436,4503,268,4436,4503,4436,16.80223880597015,CFS,cfs_1
2159,gsd-media-keys,0,2185,2257,289,2185,2257,2185,7.809688581314879,CFS,cfs_1
105,cpuhp/15,0,695,697,3,695,697,695,232.33333333333334,FIFO,fifo_1
106,idle_inject/15,0,695,695,1,695,695,695,695.0,FIFO,fifo_1
107,migration/15,0,696,926,231,696,926,696,4.008658008658009,FIFO,fifo_1
2573,kworker/u279:5-ttm,0,11672,11672,1,11672,11672,11672,11672.0,CFS,cfs_1
1816,dbus-daemon,0,5798,5954,627,5798,5954,5798,9.496012759170654,CFS,cfs_1
397,kworker/R-scsi_,0,11027,11027,1,11027,11027,11027,11027.0,CFS,cfs_1
2443,tracker-miner-fs-3,0,17176,20575,3400,17176,20575,17176,6.051470588235294,IDLE,idle
2113,snapd-desktop-integration,0,4257,4373,466,4257,4373,4257,9.38412017167382,CFS,cfs_1
2127,sh,0,698,698,1,698,698,698,698.0,FIFO,fifo_1
95,migration/13,0,699,927,229,699,927,699,4.048034934497816,FIFO,fifo_1
96,ksoftirqd/13,0,14267,14268,4,14267,14268,14267,3567.0,CFS,cfs_1
99,cpuhp/14,0,11341,11341,1,11341,11341,11341,11341.0,CFS,cfs_1
100,idle_inject/14,0,709,709,1,709,709,709,709.0,FIFO,fifo_1
101,migration/14,0,710,944,235,710,944,710,4.017021276595744,FIFO,fifo_1
102,ksoftirqd/14,0,13702,13708,25,13702,13708,13702,548.32,CFS,cfs_1
104,kworker/14:0H-kblockd,0,13588,13610,89,13588,13610,13588,152.92134831460675,CFS,cfs_1
1977,kworker/u288:2-ttm,0,11498,11498,4,11498,11498,11498,2874.5,CFS,cfs_1
1978,kworker/u287:1,0,11661,11661,4,11661,11661,11661,2915.25,CFS,cfs_1
2002,gnome-shell-calendar-server,0,5426,5446,79,5426,5446,5426,68.9367088607595,CFS,cfs_1
2079,evolution-addressbook-factory,0,1559,1570,45,1559,1570,1559,34.888888888888886,CFS,cfs_1
2010,evolution-source-registry,0,4027,4062,141,4027,4062,4027,28.80851063829787,CFS,cfs_1
2015,dconf-service,0,1015,1024,20,1015,1024,1015,51.2,CFS,cfs_1
2018,gvfs-udisks2-volume-monitor,0,1930,1996,263,1930,1996,1930,7.5893536121673,CFS,cfs_1
134,kworker/u257:2-events_unbound,0,15624,15952,1314,15624,15952,15624,12.140030441400304,CFS,cfs_1
76,idle_inject/10,0,717,717,1,717,717,717,717.0,FIFO,fifo_1
77,migration/10,0,718,946,229,718,946,718,4.131004366812227,FIFO,fifo_1
78,ksoftirqd/10,0,13908,13910,10,13908,13910,13908,1391.0,CFS,cfs_1
80,kworker/10:0H-kblockd,0,13677,13679,9,13677,13679,13677,1519.888888888889,CFS,cfs_1
81,cpuhp/11,0,927,928,2,927,928,927,464.0,FIFO,fifo_1
142,kworker/R-kbloc,0,11680,11680,2,11680,11680,11680,5840.0,CFS,cfs_1
143,kworker/R-blkcg,0,1071,1071,1,1071,1071,1071,1071.0,CFS,cfs_1
144,irq/9-acpi,0,928,928,1,928,928,928,928.0,FIFO,fifo_1
147,kworker/7:1-events,0,17079,17093,54,17079,17093,17079,316.537037037037,CFS,cfs_1
148,kworker/R-tpm_d,0,1049,1049,1,1049,1049,1049,1049.0,CFS,cfs_1
113,kworker/u259:0-loop0,0,11330,11332,9,11330,11332,11330,1259.111111111111,CFS,cfs_1
112,kworker/u258:0-events_power_efficient,0,17106,17110,15,17106,17110,17106,1140.6666666666667,CFS,cfs_1
111,kworker/u257:0-loop10,0,11495,11497,9,11495,11497,11495,1277.4444444444443,CFS,cfs_1
133,oom_reaper,0,929,929,1,929,929,929,929.0,FIFO,fifo_1
395,kworker/R-scsi_,0,11318,11318,1,11318,11318,11318,11318.0,CFS,cfs_1
135,kworker/R-write,0,11393,11393,1,11393,11393,11393,11393.0,CFS,cfs_1
136,kcompactd0,0,12358,12360,9,12358,12360,12358,1373.3333333333333,CFS,cfs_1
137,ksmd,0,929,929,1,929,929,929,929.0,FIFO,fifo_1
139,kworker/14:2-rcu_par_gp,0,13690,13702,50,13690,13702,13690,274.04,CFS,cfs_1
140,khugepaged,0,1081,1081,1,1081,1081,1081,1081.0,CFS,cfs_1
141,kworker/R-kinte,0,1005,1005,1,1005,1005,1005,1005.0,CFS,cfs_1
2166,gsd-power,0,2842,3020,384,2842,3020,2842,7.864583333333333,CFS,cfs_1
2177,evolution-alarm-notify,0,11499,11644,583,11499,11644,11499,19.972555746140653,CFS,cfs_1
2181,ibus-dconf,0,5070,5082,51,5070,5082,5070,99.6470588235294,CFS,cfs_1
2183,gsd-print-notifications,0,1895,1919,95,1895,1919,1895,20.2,CFS,cfs_1
2187,ibus-extension-gtk3,0,5128,5361,933,5128,5361,5128,5.745980707395498,CFS,cfs_1
2190,vmtoolsd,0,11685,12157,1891,11685,12157,11685,6.428873611845584,CFS,cfs_1
2197,gsd-rfkill,0,1996,2008,47,1996,2008,1996,42.723404255319146,CFS,cfs_1
2203,ibus-portal,0,7400,7420,80,7400,7420,7400,92.75,CFS,cfs_1
3619,kworker/12:1-events,0,15621,15622,4,15621,15622,15621,3905.5,CFS,cfs_1
3481,kworker/u266:0,0,930,930,1,930,930,930,930.0,FIFO,fifo_1
3456,kworker/u260:3-events_power_efficient,0,930,930,1,930,930,930,930.0,FIFO,fifo_1
3425,kworker/12:0-events,0,15114,15119,21,15114,15119,15114,719.952380952381,CFS,cfs_1
3407,kworker/u258:3-events_power_efficient,0,17093,17094,4,17093,17094,17093,4273.5,CFS,cfs_1
3405,kworker/5:0-events,0,931,931,1,931,931,931,931.0,FIFO,fifo_1
3365,kworker/15:0H-kblockd,0,14137,14143,26,14137,14143,14137,543.9615384615385,CFS,cfs_1
3717,kworker/3:1-mm_percpu_wq,0,14531,14532,4,14531,14532,14531,3633.0,CFS,cfs_1
3703,kworker/1:2-rcu_par_gp,0,17118,17118,3,17118,17118,17118,5706.0,CFS,cfs_1
3678,nautilus,0,10802,11024,885,10802,11024,10802,12.456497175141243,CFS,cfs_1
3659,kworker/4:0,0,931,931,1,931,931,931,931.0,FIFO,fifo_1
3563,kworker/15:0-mm_percpu_wq,0,14042,14042,3,14042,14042,14042,4680.666666666667,CFS,cfs_1
3618,kworker/u258:2-events_power_efficient,0,17155,17162,20,17155,17162,17155,858.1,CFS,cfs_1
3580,kworker/u261:3-events_power_efficient,0,13910,13921,45,13910,13921,13910,309.35555555555555,CFS,cfs_1
3571,kworker/5:2-events,0,16165,16170,17,16165,16170,16165,951.1764705882352,CFS,cfs_1
2297,gsd-printer,0,4134,4150,65,4134,4150,4134,63.84615384615385,CFS,cfs_1
2295,kworker/3:3-rcu_gp,0,14352,14368,35,14352,14368,14352,410.51428571428573,CFS,cfs_1
2246,gsd-wacom,0,7730,7808,310,7730,7808,7730,25.18709677419355,CFS,cfs_1
2233,gsd-sound,0,3384,3402,74,3384,3402,3384,45.972972972972975,CFS,cfs_1
2222,gsd-smartcard,0,1064,1080,67,1064,1080,1064,16.119402985074625,CFS,cfs_1
2221,gsd-disk-utility-notify,0,7038,7060,89,7038,7060,7038,79.32584269662921,CFS,cfs_1
2219,gsd-sharing,0,3076,3124,106,3076,3124,3076,29.471698113207548,CFS,cfs_1
2026,gvfs-goa-volume-monitor,0,1848,1865,68,1848,1865,1848,27.426470588235293,CFS,cfs_1
2572,kworker/u280:2-ttm,0,11669,11669,1,11669,11669,11669,11669.0,CFS,cfs_1
2569,kworker/u279:4-ttm,0,16109,16118,11,16109,16118,16109,1465.2727272727273,CFS,cfs_1
2913,update-notifier,0,12160,12301,563,12160,12301,12160,21.849023090586147,CFS,cfs_1
2066,gvfs-afc-volume-monitor,0,4062,4077,62,4062,4077,4062,65.75806451612904,CFS,cfs_1
2060,gvfs-gphoto2-volume-monitor,0,2690,2708,72,2690,2708,2690,37.611111111111114,CFS,cfs_1
2054,gvfs-mtp-volume-monitor,0,2258,2272,60,2258,2272,2258,37.86666666666667,CFS,cfs_1
2047,goa-identity-service,0,5645,5657,49,5645,5657,5645,115.44897959183673,CFS,cfs_1
2038,kworker/u268:3,0,932,932,1,932,932,932,932.0,FIFO,fifo_1
2037,evolution-calendar-factory,0,3294,3379,342,3294,3379,3294,9.880116959064328,CFS,cfs_1
2029,gvfsd-metadata,0,2067,2076,34,2067,2076,2067,61.05882352941177,CFS,cfs_1
1889,gnome-session-ctl,0,7060,7087,109,7060,7087,7060,65.01834862385321,CFS,cfs_1
3344,kworker/u267:0-events_unbound,0,13866,13875,36,13866,13875,13866,385.4166666666667,CFS,cfs_1
3335,kworker/1:0-events,0,17162,17166,10,17162,17166,17162,1716.6,CFS,cfs_1
3334,kworker/0:2-events,0,15952,15957,19,15952,15957,15952,839.8421052631579,CFS,cfs_1
3024,kworker/14:3-mpt_poll_0,0,13826,13843,70,13826,13843,13826,197.75714285714287,CFS,cfs_1
2460,xdg-desktop-portal-gnome,0,4373,4436,252,4373,4436,4373,17.603174603174605,CFS,cfs_1
1823,gnome-session-binary,0,4250,4256,27,4250,4256,4250,157.62962962962962,CFS,cfs_1
2446,xdg-desktop-portal,0,4100,4134,135,4100,4134,4100,30.622222222222224,CFS,cfs_1
2413,Xwayland,0,11249,11316,270,11249,11316,11249,41.91111111111111,CFS,cfs_1
3564,kworker/14:1H-kblockd,0,13761,13761,2,13761,13761,13761,6880.5,CFS,cfs_1
1937,kworker/u256:2,0,932,940,9,932,940,932,104.44444444444444,FIFO,fifo_1
2208,gsd-screensaver-proxy,0,1109,1121,47,1109,1121,1109,23.851063829787233,CFS,cfs_1
1884,kworker/u265:3-flush-8:0,0,12360,12368,33,12360,12368,12360,374.7878787878788,CFS,cfs_1
1840,fusermount3,0,933,947,15,933,947,933,63.13333333333333,FIFO,fifo_1
1979,kworker/u276:2-ttm,0,14266,14267,3,14266,14267,14266,4755.666666666667,CFS,cfs_1
2098,gvfsd-trash,0,2008,2018,40,2008,2018,2008,50.45,CFS,cfs_1
2111,at-spi2-registryd,0,12157,12160,11,12157,12160,12157,1105.4545454545455,CFS,cfs_1
2112,gjs,0,7420,7446,105,7420,7446,7420,70.91428571428571,CFS,cfs_1
2412,ibus-engine-simple,0,2052,2067,63,2052,2067,2052,32.80952380952381,CFS,cfs_1
2394,snapd-desktop-integration,0,5036,5069,136,5036,5069,5036,37.27205882352941,CFS,cfs_1
1967,dbus-daemon,0,11676,11680,16,11676,11680,11676,730.0,CFS,cfs_1
1965,gnome-shell,0,7884,9555,6684,7884,9555,7884,1.4295332136445242,CFS,cfs_1
1957,at-spi-bus-launcher,0,11680,11684,17,11680,11684,11680,687.2941176470588,CFS,cfs_1
1925,gnome-session-binary,0,11396,11494,393,11396,11494,11396,29.24681933842239,CFS,cfs_1
1905,gvfsd-fuse,0,941,954,14,941,954,941,68.14285714285714,FIFO,fifo_1
1899,gvfsd,0,5596,5616,82,5596,5616,5596,68.48780487804878,CFS,cfs_1
2023,goa-daemon,0,5457,5582,501,5457,5582,5457,11.141716566866268,CFS,cfs_1
3745,tracker-extract-3,13,17178,17214,37,17165,17201,17165,464.8918918918919,IDLE,idle
3744,kworker/u267:2,13,945,947,3,932,934,932,311.3333333333333,FIFO,fifo_1
3755,kworker/u274:2-ttm,20,15957,15959,8,15937,15939,15937,1992.375,CFS,cfs_1
3754,kworker/u274:1-ttm,20,15957,15957,1,15937,15937,15937,15937.0,CFS,cfs_1
3753,gedit,20,9752,9799,191,9732,9779,9732,51.19895287958115,CFS,cfs_1
3776,tracker-extract-3,25,17215,17298,84,17190,17273,17190,205.63095238095238,IDLE,idle
3781,kworker/u282:0,29,14709,14709,1,14680,14680,14680,14680.0,CFS,cfs_1
3783,tracker-extract-3,39,17215,17245,31,17176,17206,17176,555.0322580645161,IDLE,idle
3789,tracker-extract-3,51,17246,17272,27,17195,17221,17195,637.8148148148148,IDLE,idle
3795,tracker-extract-3,62,17273,17298,26,17211,17236,17211,662.9230769230769,IDLE,idle
3800,kworker/u265:1,68,947,947,1,879,879,879,879.0,FIFO,fifo_1
3802,tracker-extract-3,74,17299,17320,22,17225,17246,17225,783.9090909090909,IDLE,idle
3810,tracker-extract-3,86,17299,17319,21,17213,17233,17213,820.6190476190476,IDLE,idle
3823,systemd-hostnamed,89,5082,5095,52,4993,5006,4993,96.26923076923077,CFS,cfs_1
3829,kworker/8:1,89,948,948,1,859,859,859,859.0,FIFO,fifo_1
3832,gvfsd-smb-browse,89,5583,5596,54,5494,5507,5494,101.98148148148148,CFS,cfs_1
3828,kworker/8:0,89,948,956,9,859,867,859,96.33333333333333,FIFO,fifo_1
3822,gvfsd-network,89,4085,4088,13,3996,3999,3996,307.61538461538464,CFS,cfs_1
3853,kworker/u277:2,95,16188,16188,1,16093,16093,16093,16093.0,CFS,cfs_1
3851,kworker/u285:0-ttm,95,14709,14710,3,14614,14615,14614,4871.666666666667,CFS,cfs_1
3852,kworker/u285:1-ttm,95,14709,14709,1,14614,14614,14614,14614.0,CFS,cfs_1
3854,kworker/u285:4,95,14288,14288,1,14193,14193,14193,14193.0,CFS,cfs_1
3859,tracker-extract-3,98,17320,17347,28,17222,17249,17222,616.0357142857143,IDLE,idle
3864,kworker/u277:3,104,14572,14572,1,14468,14468,14468,14468.0,CFS,cfs_1
3869,tracker-extract-3,110,17321,17336,16,17211,17226,17211,1076.625,IDLE,idle
3972,real.sh,113,948,949,2,835,836,835,418.0,FIFO,fifo_1
3967,real.sh,113,949,950,2,836,837,836,418.5,FIFO,fifo_1
3892,real.sh,113,11360,11362,6,11247,11249,11247,1874.8333333333333,CFS,cfs_1
3964,real.sh,113,950,953,4,837,840,837,210.0,FIFO,fifo_1
3963,real.sh,113,951,952,2,838,839,838,419.5,FIFO,fifo_1
3956,real.sh,113,953,957,5,840,844,840,168.8,FIFO,fifo_1
3955,real.sh,113,954,954,1,841,841,841,841.0,FIFO,fifo_1
3954,real.sh,113,11377,11378,2,11264,11265,11264,5632.5,CFS,cfs_1
3881,sudo,113,11387,11392,20,11274,11279,11274,563.95,CFS,cfs_1
3915,real.sh,113,955,957,3,842,844,842,281.3333333333333,FIFO,fifo_1
3917,real.sh,113,955,956,2,842,843,842,421.5,FIFO,fifo_1
3977,sleep,113,957,961,5,844,848,844,169.6,FIFO,fifo_1
3976,real.sh,113,957,959,3,844,846,844,282.0,FIFO,fifo_1
3975,real.sh,113,958,958,1,845,845,845,845.0,FIFO,fifo_1
3874,real.sh,113,11344,11356,48,11231,11243,11231,234.22916666666666,CFS,cfs_1
3971,real.sh,113,958,963,6,845,850,845,141.66666666666666,FIFO,fifo_1
3883,real.sh,113,959,959,1,846,846,846,846.0,FIFO,fifo_1
3965,real.sh,113,960,963,4,847,850,847,212.5,FIFO,fifo_1
3882,real.sh,113,960,960,1,847,847,847,847.0,FIFO,fifo_1
3914,real.sh,113,961,963,3,848,850,848,283.3333333333333,FIFO,fifo_1
3880,sudo,113,11325,11330,21,11212,11217,11212,534.1428571428571,CFS,cfs_1
3879,sudo,113,11356,11360,17,11243,11247,11243,661.5882352941177,CFS,cfs_1
3878,sudo,113,11332,11337,21,11219,11224,11219,534.4761904761905,CFS,cfs_1
3877,sudo,113,11380,11385,22,11267,11272,11267,512.3636363636364,CFS,cfs_1
3907,real.sh,113,962,964,3,849,851,849,283.6666666666667,FIFO,fifo_1
3935,real.sh,113,11362,11365,13,11249,11252,11249,865.5384615384615,CFS,cfs_1
3945,real.sh,113,964,972,9,851,859,851,95.44444444444444,FIFO,fifo_1
3894,real.sh,113,964,966,3,851,853,851,284.3333333333333,FIFO,fifo_1
3897,real.sh,113,964,966,3,851,853,851,284.3333333333333,FIFO,fifo_1
3899,real.sh,113,11365,11367,7,11252,11254,11252,1607.7142857142858,CFS,cfs_1
3902,real.sh,113,965,969,5,852,856,852,171.2,FIFO,fifo_1
3903,real.sh,113,967,969,3,854,856,854,285.3333333333333,FIFO,fifo_1
3906,real.sh,113,967,970,4,854,857,854,214.25,FIFO,fifo_1
3931,real.sh,113,970,973,4,857,860,857,215.0,FIFO,fifo_1
3947,real.sh,113,970,970,1,857,857,857,857.0,FIFO,fifo_1
3884,real.sh,113,11377,11377,3,11264,11264,11264,3754.6666666666665,CFS,cfs_1
3885,real.sh,113,971,976,6,858,863,858,143.83333333333334,FIFO,fifo_1
3887,real.sh,113,11378,11380,9,11265,11267,11265,1251.888888888889,CFS,cfs_1
3888,real.sh,113,11341,11342,3,11228,11229,11228,3743.0,CFS,cfs_1
3889,real.sh,113,971,971,1,858,858,858,858.0,FIFO,fifo_1
3890,kworker/3:0H-kblockd,113,14572,14572,1,14459,14459,14459,14459.0,CFS,cfs_1
3891,real.sh,113,972,979,8,859,866,859,108.25,FIFO,fifo_1
3944,real.sh,113,973,981,9,860,868,860,96.44444444444444,FIFO,fifo_1
3969,real.sh,113,974,977,4,861,864,861,216.0,FIFO,fifo_1
3929,real.sh,113,977,977,1,864,864,864,864.0,FIFO,fifo_1
3927,real.sh,113,978,979,2,865,866,865,433.0,FIFO,fifo_1
3924,real.sh,113,978,982,5,865,869,865,173.8,FIFO,fifo_1
3923,real.sh,113,11342,11344,8,11229,11231,11229,1403.875,CFS,cfs_1
3946,real.sh,113,980,981,2,867,868,867,434.0,FIFO,fifo_1
3948,real.sh,113,980,981,2,867,868,867,434.0,FIFO,fifo_1
3953,real.sh,113,982,982,1,869,869,869,869.0,FIFO,fifo_1
3943,real.sh,113,11386,11387,7,11273,11274,11273,1610.5714285714287,CFS,cfs_1
3941,real.sh,113,982,983,2,869,870,869,435.0,FIFO,fifo_1
3939,real.sh,113,982,985,4,869,872,869,218.0,FIFO,fifo_1
3937,real.sh,113,11338,11341,13,11225,11228,11225,863.6923076923077,CFS,cfs_1
3933,real.sh,113,983,984,2,870,871,870,435.5,FIFO,fifo_1
3916,real.sh,113,983,986,4,870,873,870,218.25,FIFO,fifo_1
3932,real.sh,113,11367,11370,12,11254,11257,11254,938.0833333333334,CFS,cfs_1
4508,kworker/3:2,119,984,988,5,865,869,865,173.8,FIFO,fifo_1
4507,kworker/6:1,119,985,985,1,866,866,866,866.0,FIFO,fifo_1
4735,tracker-extract-3,121,17337,17367,31,17216,17246,17216,556.3225806451613,IDLE,idle
4999,kworker/1:0H-kblockd,125,17166,17167,2,17041,17042,17041,8521.0,CFS,cfs_1
5196,kworker/4:0H-kblockd,128,15613,15614,3,15485,15486,15485,5162.0,CFS,cfs_1
5859,tracker-extract-3,134,17346,17379,34,17212,17245,17212,507.20588235294116,IDLE,idle
6511,gvfsd-dnssd,141,3380,3384,17,3239,3243,3239,190.76470588235293,CFS,cfs_1
7025,tracker-extract-3,146,17348,17372,25,17202,17226,17202,689.04,IDLE,idle
7778,tracker-extract-3,164,17368,17399,32,17204,17235,17204,538.59375,IDLE,idle
8932,tracker-extract-3,176,17373,17400,28,17197,17224,17197,615.1428571428571,IDLE,idle
10067,tracker-extract-3,188,17380,17404,25,17192,17216,17192,688.64,IDLE,idle
11145,tracker-extract-3,200,17400,17422,23,17200,17222,17200,748.7826086956521,IDLE,idle
12210,tracker-extract-3,211,17401,17432,32,17190,17221,17190,538.15625,IDLE,idle
13394,tracker-extract-3,224,17405,17423,19,17181,17199,17181,905.2105263157895,IDLE,idle
14647,tracker-extract-3,237,17423,17442,20,17186,17205,17186,860.25,IDLE,idle
15729,tracker-extract-3,248,17424,17442,19,17176,17194,17176,904.9473684210526,IDLE,idle
16924,tracker-extract-3,261,17433,17468,36,17172,17207,17172,477.97222222222223,IDLE,idle
18065,tracker-extract-3,273,17443,17462,20,17170,17189,17170,859.45,IDLE,idle
19167,tracker-extract-3,284,17443,17468,26,17159,17184,17159,660.9230769230769,IDLE,idle
19679,kworker/10:2H,290,17093,17093,1,16803,16803,16803,16803.0,CFS,cfs_1
20225,tracker-extract-3,295,17463,17484,22,17168,17189,17168,781.3181818181819,IDLE,idle
21241,tracker-extract-3,306,17469,17485,17,17163,17179,17163,1010.5294117647059,IDLE,idle
22429,tracker-extract-3,319,17469,17496,28,17150,17177,17150,613.4642857142857,IDLE,idle
23434,tracker-extract-3,330,17485,17509,25,17155,17179,17155,687.16,IDLE,idle
24446,tracker-extract-3,341,17486,17500,15,17145,17159,17145,1143.9333333333334,IDLE,idle
25495,tracker-extract-3,352,17497,17518,22,17145,17166,17145,780.2727272727273,IDLE,idle
26554,kworker/0:1-events,363,986,986,1,623,623,623,623.0,FIFO,fifo_1
26542,tracker-extract-3,363,17501,17534,34,17138,17171,17138,505.02941176470586,IDLE,idle
27602,tracker-extract-3,375,17510,17530,21,17135,17155,17135,816.9047619047619,IDLE,idle
28794,tracker-extract-3,387,17519,17554,36,17132,17167,17132,476.8611111111111,IDLE,idle
29307,kworker/u266:1-writeback,392,986,986,1,594,594,594,594.0,FIFO,fifo_1
29891,tracker-extract-3,399,17531,17550,20,17132,17151,17132,857.55,IDLE,idle
30918,tracker-extract-3,409,17535,17553,19,17126,17144,17126,902.3157894736842,IDLE,idle
32047,tracker-extract-3,421,17551,17565,15,17130,17144,17130,1142.9333333333334,IDLE,idle
33148,tracker-extract-3,433,17554,17575,22,17121,17142,17121,779.1818181818181,IDLE,idle
33657,kworker/u258:2,438,987,987,1,549,549,549,549.0,FIFO,fifo_1
34206,tracker-extract-3,444,17555,17580,26,17111,17136,17111,659.0769230769231,IDLE,idle
35321,tracker-extract-3,456,17566,17595,30,17110,17139,17110,571.3,IDLE,idle
36197,kworker/u257:0-writeback,467,987,987,1,520,520,520,520.0,FIFO,fifo_1
36424,tracker-extract-3,469,17576,17597,22,17107,17128,17107,778.5454545454545,IDLE,idle
37554,tracker-extract-3,481,17581,17596,16,17100,17115,17100,1069.6875,IDLE,idle
38664,tracker-extract-3,492,17596,17623,28,17104,17131,17104,611.8214285714286,IDLE,idle
39732,tracker-extract-3,503,17597,17610,14,17094,17107,17094,1221.9285714285713,IDLE,idle
40719,tracker-extract-3,514,17598,17622,25,17084,17108,17084,684.32,IDLE,idle
41826,tracker-extract-3,526,17611,17623,13,17085,17097,17085,1315.1538461538462,IDLE,idle
41756,kworker/u269:2-events_unbound,526,987,987,1,461,461,461,461.0,FIFO,fifo_1
41793,kworker/8:0,526,988,988,1,462,462,462,462.0,FIFO,fifo_1
42855,tracker-extract-3,536,17623,17648,26,17087,17112,17087,658.1538461538462,IDLE,idle
43926,tracker-extract-3,547,17624,17651,28,17077,17104,17077,610.8571428571429,IDLE,idle
44969,tracker-extract-3,558,17624,17641,18,17066,17083,17066,949.0555555555555,IDLE,idle
46037,tracker-extract-3,569,17642,17670,29,17073,17101,17073,589.6896551724138,IDLE,idle
47299,tracker-extract-3,583,17649,17667,19,17066,17084,17066,899.1578947368421,IDLE,idle
48364,kworker/5:1-events,593,988,988,1,395,395,395,395.0,FIFO,fifo_1
48506,tracker-extract-3,595,17652,17677,26,17057,17082,17057,657.0,IDLE,idle
49570,tracker-extract-3,606,17668,17692,25,17062,17086,17062,683.44,IDLE,idle
49855,sleep,608,988,989,2,380,381,380,190.5,FIFO,fifo_1
49867,sleep,608,989,989,1,381,381,381,381.0,FIFO,fifo_1
49862,sleep,608,989,989,1,381,381,381,381.0,FIFO,fifo_1
49858,sleep,608,989,990,2,381,382,381,191.0,FIFO,fifo_1
49854,sleep,608,990,992,3,382,384,382,128.0,FIFO,fifo_1
49852,sleep,608,990,991,2,382,383,382,191.5,FIFO,fifo_1
49853,sleep,608,990,990,1,382,382,382,382.0,FIFO,fifo_1
49860,sleep,608,991,991,1,383,383,383,383.0,FIFO,fifo_1
49859,sleep,608,991,991,1,383,383,383,383.0,FIFO,fifo_1
49861,sleep,608,992,992,1,384,384,384,384.0,FIFO,fifo_1
49863,sleep,608,992,992,1,384,384,384,384.0,FIFO,fifo_1
49869,sleep,608,992,993,2,384,385,384,192.5,FIFO,fifo_1
49870,sleep,608,993,994,2,385,386,385,193.0,FIFO,fifo_1
49856,sleep,608,993,993,1,385,385,385,385.0,FIFO,fifo_1
49871,sleep,608,993,994,2,385,386,385,193.0,FIFO,fifo_1
49857,sleep,608,994,994,1,386,386,386,386.0,FIFO,fifo_1
49868,sleep,608,994,994,1,386,386,386,386.0,FIFO,fifo_1
49864,sleep,608,995,995,1,387,387,387,387.0,FIFO,fifo_1
49865,sleep,608,995,995,1,387,387,387,387.0,FIFO,fifo_1
49866,sleep,608,995,995,1,387,387,387,387.0,FIFO,fifo_1
49977,sleep,610,995,996,2,385,386,385,193.0,FIFO,fifo_1
49973,sleep,610,996,996,1,386,386,386,386.0,FIFO,fifo_1
49974,sleep,610,996,996,1,386,386,386,386.0,FIFO,fifo_1
49985,sleep,610,996,997,2,386,387,386,193.5,FIFO,fifo_1
49976,sleep,610,997,998,2,387,388,387,194.0,FIFO,fifo_1
49978,sleep,610,997,998,2,387,388,387,194.0,FIFO,fifo_1
49979,sleep,610,997,998,2,387,388,387,194.0,FIFO,fifo_1
49999,sleep,610,998,998,1,388,388,388,388.0,FIFO,fifo_1
50001,sleep,610,999,999,1,389,389,389,389.0,FIFO,fifo_1
49995,sleep,610,999,999,1,389,389,389,389.0,FIFO,fifo_1
49986,sleep,610,999,999,1,389,389,389,389.0,FIFO,fifo_1
49980,sleep,610,999,999,1,389,389,389,389.0,FIFO,fifo_1
49981,sleep,610,1000,1000,1,390,390,390,390.0,FIFO,fifo_1
49982,sleep,610,1000,1000,1,390,390,390,390.0,FIFO,fifo_1
49983,sleep,610,1000,1000,1,390,390,390,390.0,FIFO,fifo_1
49975,sleep,610,1000,1001,2,390,391,390,195.5,FIFO,fifo_1
49997,sleep,610,1001,1001,1,391,391,391,391.0,FIFO,fifo_1
49996,sleep,610,1001,1001,1,391,391,391,391.0,FIFO,fifo_1
49984,sleep,610,1001,1001,1,391,391,391,391.0,FIFO,fifo_1
49991,sleep,610,1002,1002,1,392,392,392,392.0,FIFO,fifo_1
49992,sleep,610,1002,1002,1,392,392,392,392.0,FIFO,fifo_1
49993,sleep,610,1002,1002,1,392,392,392,392.0,FIFO,fifo_1
49987,sleep,610,1002,1002,1,392,392,392,392.0,FIFO,fifo_1
49998,sleep,610,1003,1003,1,393,393,393,393.0,FIFO,fifo_1
49988,sleep,610,1003,1003,1,393,393,393,393.0,FIFO,fifo_1
49989,sleep,610,1003,1003,1,393,393,393,393.0,FIFO,fifo_1
49994,sleep,610,1003,1003,1,393,393,393,393.0,FIFO,fifo_1
50000,sleep,610,1004,1004,1,394,394,394,394.0,FIFO,fifo_1
49990,sleep,610,1004,1004,1,394,394,394,394.0,FIFO,fifo_1
50694,tracker-extract-3,618,17671,17683,13,17053,17065,17053,1312.6923076923076,IDLE,idle
51914,tracker-extract-3,631,17678,17692,15,17047,17061,17047,1137.4,IDLE,idle
52442,kworker/12:0H-kblockd,637,17166,17170,5,16529,16533,16529,3306.6,CFS,cfs_1
53160,tracker-extract-3,644,17684,17711,28,17040,17067,17040,609.5357142857143,IDLE,idle
54425,kworker/15:1-events,657,1004,1004,1,347,347,347,347.0,FIFO,fifo_1
54426,tracker-extract-3,657,17693,17712,20,17036,17055,17036,852.75,IDLE,idle
55523,tracker-extract-3,668,17693,17706,14,17025,17038,17025,1217.0,IDLE,idle
56583,tracker-extract-3,679,17707,17728,22,17028,17049,17028,774.9545454545455,IDLE,idle
57643,tracker-extract-3,690,17712,17737,26,17022,17047,17022,655.6538461538462,IDLE,idle
58697,tracker-extract-3,701,17713,17744,32,17012,17043,17012,532.59375,IDLE,idle
59931,tracker-extract-3,714,17729,17756,28,17015,17042,17015,608.6428571428571,IDLE,idle
61036,tracker-extract-3,726,17738,17757,20,17012,17031,17012,851.55,IDLE,idle
62058,tracker-extract-3,743,17745,17913,169,17002,17170,17002,101.59763313609467,IDLE,idle
62156,kworker/0:1H,750,17168,17168,1,16418,16418,16418,16418.0,CFS,cfs_1
62152,kworker/4:2H-kblockd,750,17167,17167,1,16417,16417,16417,16417.0,CFS,cfs_1
63139,tracker-extract-3,760,17757,17771,15,16997,17011,16997,1134.0666666666666,IDLE,idle
64094,kworker/u260:0-events_freezable_power_,770,1004,1004,1,234,234,234,234.0,FIFO,fifo_1
64342,tracker-extract-3,772,17758,17776,19,16986,17004,16986,894.9473684210526,IDLE,idle
65541,tracker-extract-3,785,17772,17794,23,16987,17009,16987,739.5217391304348,IDLE,idle
66659,tracker-extract-3,797,17777,17800,24,16980,17003,16980,708.4583333333334,IDLE,idle
67885,tracker-extract-3,810,17795,17825,31,16985,17015,16985,548.8709677419355,IDLE,idle
68353,kworker/13:0H,815,17168,17168,1,16353,16353,16353,16353.0,CFS,cfs_1
68933,tracker-extract-3,822,17801,17827,27,16979,17005,16979,629.8148148148148,IDLE,idle
70205,tracker-extract-3,835,17826,17846,21,16991,17011,16991,810.047619047619,IDLE,idle
71305,tracker-extract-3,846,17828,17860,33,16982,17014,16982,515.5757575757576,IDLE,idle
72427,tracker-extract-3,858,17847,17884,38,16989,17026,16989,448.05263157894734,IDLE,idle
73431,kworker/7:1H,873,17172,17172,1,16299,16299,16299,16299.0,CFS,cfs_1
73500,tracker-extract-3,873,17861,17877,17,16988,17004,16988,1000.2352941176471,IDLE,idle
74530,tracker-extract-3,885,17878,17951,74,16993,17066,16993,230.6216216216216,IDLE,idle
74980,kworker/8:1H,890,17169,17169,1,16279,16279,16279,16279.0,CFS,cfs_1
74966,kworker/11:0H,890,17169,17169,1,16279,16279,16279,16279.0,CFS,cfs_1
75533,tracker-extract-3,897,17885,17909,25,16988,17012,16988,680.48,IDLE,idle
76830,tracker-extract-3,911,17910,17969,60,16999,17058,16999,284.3,IDLE,idle
76490,kworker/12:0-mm_percpu_wq,911,17170,17172,6,16259,16261,16259,2710.1666666666665,CFS,cfs_1
77299,kworker/u268:0-writeback,916,1005,1006,2,89,90,89,45.0,FIFO,fifo_1
76950,kworker/9:1H-kblockd,916,17172,17174,3,16256,16258,16256,5419.333333333333,CFS,cfs_1
78091,tracker-extract-3,934,17914,17972,59,16980,17038,16980,288.77966101694915,IDLE,idle
79257,tracker-extract-3,950,17952,17979,28,17002,17029,17002,608.1785714285714,IDLE,idle
80371,tracker-extract-3,961,17970,17994,25,17009,17033,17009,681.32,IDLE,idle
81460,tracker-extract-3,972,17973,17985,13,17001,17013,17001,1308.6923076923076,IDLE,idle
82601,tracker-extract-3,984,17980,17991,12,16996,17007,16996,1417.25,IDLE,idle
83701,tracker-extract-3,995,17986,17997,12,16991,17002,16991,1416.8333333333333,IDLE,idle
84771,tracker-extract-3,1006,17992,18007,16,16986,17001,16986,1062.5625,IDLE,idle
85921,tracker-extract-3,1018,17995,18011,17,16977,16993,16977,999.5882352941177,IDLE,idle
87039,tracker-extract-3,1029,17998,18014,17,16969,16985,16969,999.1176470588235,IDLE,idle
88169,tracker-extract-3,1040,18008,18026,19,16968,16986,16968,894.0,IDLE,idle
88700,kworker/u264:2,1046,1046,1046,1,0,0,0,0.0,FIFO,fifo_1
89302,tracker-extract-3,1052,18012,18029,18,16960,16977,16960,943.1666666666666,IDLE,idle
90434,tracker-extract-3,1063,18015,18032,18,16952,16969,16952,942.7222222222222,IDLE,idle
91564,tracker-extract-3,1075,18027,18044,18,16952,16969,16952,942.7222222222222,IDLE,idle
92557,kworker/1:1-events,1084,1084,1084,1,0,0,0,0.0,FIFO,fifo_1
92671,tracker-extract-3,1086,18030,18046,17,16944,16960,16944,997.6470588235294,IDLE,idle
93783,tracker-extract-3,1097,18033,18052,20,16936,16955,16936,847.75,IDLE,idle
94914,tracker-extract-3,1109,18045,18062,18,16936,16953,16936,941.8333333333334,IDLE,idle
96031,tracker-extract-3,1120,18047,18064,18,16927,16944,16927,941.3333333333334,IDLE,idle
97156,tracker-extract-3,1131,18053,18069,17,16922,16938,16922,996.3529411764706,IDLE,idle
98245,tracker-extract-3,1142,18063,18079,17,16921,16937,16921,996.2941176470588,IDLE,idle
99312,tracker-extract-3,1153,18065,18081,17,16912,16928,16912,995.7647058823529,IDLE,idle
99840,kworker/u266:2,1158,1158,1158,1,0,0,0,0.0,FIFO,fifo_1
100387,tracker-extract-3,1164,18070,18087,18,16906,16923,16906,940.1666666666666,IDLE,idle
101472,tracker-extract-3,1175,18080,18095,16,16905,16920,16905,1057.5,IDLE,idle
102528,tracker-extract-3,1186,18082,18099,18,16896,16913,16896,939.6111111111111,IDLE,idle
103784,tracker-extract-3,1198,18088,18101,14,16890,16903,16890,1207.357142857143,IDLE,idle
104840,tracker-extract-3,1209,18096,18108,13,16887,16899,16887,1299.923076923077,IDLE,idle
105896,tracker-extract-3,1220,18100,18117,18,16880,16897,16880,938.7222222222222,IDLE,idle
106164,sleep,1222,1222,1236,15,0,14,0,0.9333333333333333,FIFO,fifo_1
106162,sleep,1222,1222,1222,1,0,0,0,0.0,FIFO,fifo_1
106161,sleep,1222,1222,1238,17,0,16,0,0.9411764705882353,FIFO,fifo_1
106152,sleep,1222,1222,1231,10,0,9,0,0.9,FIFO,fifo_1
106151,sleep,1222,1223,1234,12,1,12,1,1.0,FIFO,fifo_1
106158,sleep,1222,1232,1232,1,10,10,10,10.0,FIFO,fifo_1
106157,sleep,1222,1233,1233,1,11,11,11,11.0,FIFO,fifo_1
106160,sleep,1222,1234,1234,1,12,12,12,12.0,FIFO,fifo_1
106159,sleep,1222,1235,1236,2,13,14,13,7.0,FIFO,fifo_1
106155,sleep,1222,1235,1241,7,13,19,13,2.7142857142857144,FIFO,fifo_1
106156,sleep,1222,1237,1243,7,15,21,15,3.0,FIFO,fifo_1
106153,sleep,1222,1237,1245,9,15,23,15,2.5555555555555554,FIFO,fifo_1
106154,sleep,1222,1239,1244,6,17,22,17,3.6666666666666665,FIFO,fifo_1
106163,sleep,1222,1242,1242,1,20,20,20,20.0,FIFO,fifo_1
106166,sleep,1222,1243,1243,1,21,21,21,21.0,FIFO,fifo_1
106165,sleep,1222,1244,1244,1,22,22,22,22.0,FIFO,fifo_1
106282,sleep,1223,1244,1246,3,21,23,21,7.666666666666667,FIFO,fifo_1
106261,sleep,1223,1245,1247,3,22,24,22,8.0,FIFO,fifo_1
106262,sleep,1223,1245,1247,3,22,24,22,8.0,FIFO,fifo_1
106296,sleep,1223,1246,1249,4,23,26,23,6.5,FIFO,fifo_1
106297,sleep,1223,1247,1251,5,24,28,24,5.6,FIFO,fifo_1
106281,sleep,1223,1248,1253,6,25,30,25,5.0,FIFO,fifo_1
106279,sleep,1223,1248,1250,3,25,27,25,9.0,FIFO,fifo_1
106280,sleep,1223,1250,1255,6,27,32,27,5.333333333333333,FIFO,fifo_1
106272,sleep,1223,1251,1253,3,28,30,28,10.0,FIFO,fifo_1
106273,sleep,1223,1252,1254,3,29,31,29,10.333333333333334,FIFO,fifo_1
106274,sleep,1223,1254,1256,3,31,33,31,11.0,FIFO,fifo_1
106277,sleep,1223,1254,1256,3,31,33,31,11.0,FIFO,fifo_1
106278,sleep,1223,1255,1256,2,32,33,32,16.5,FIFO,fifo_1
106269,sleep,1223,1256,1258,3,33,35,33,11.666666666666666,FIFO,fifo_1
106271,sleep,1223,1257,1259,3,34,36,34,12.0,FIFO,fifo_1
106270,sleep,1223,1257,1259,3,34,36,34,12.0,FIFO,fifo_1
106295,sleep,1223,1257,1260,4,34,37,34,9.25,FIFO,fifo_1
106285,sleep,1223,1259,1262,4,36,39,36,9.75,FIFO,fifo_1
106284,sleep,1223,1260,1265,6,37,42,37,7.0,FIFO,fifo_1
106300,sleep,1223,1260,1263,4,37,40,37,10.0,FIFO,fifo_1
106275,sleep,1223,1261,1263,3,38,40,38,13.333333333333334,FIFO,fifo_1
106299,sleep,1223,1263,1267,5,40,44,40,8.8,FIFO,fifo_1
106298,sleep,1223,1264,1267,4,41,44,41,11.0,FIFO,fifo_1
106276,sleep,1223,1264,1266,3,41,43,41,14.333333333333334,FIFO,fifo_1
106292,sleep,1223,1266,1268,3,43,45,43,15.0,FIFO,fifo_1
106286,sleep,1223,1267,1269,3,44,46,44,15.333333333333334,FIFO,fifo_1
106293,sleep,1223,1268,1270,3,45,47,45,15.666666666666666,FIFO,fifo_1
106291,sleep,1223,1268,1270,3,45,47,45,15.666666666666666,FIFO,fifo_1
106268,sleep,1223,1269,1272,4,46,49,46,12.25,FIFO,fifo_1
106289,sleep,1223,1270,1272,3,47,49,47,16.333333333333332,FIFO,fifo_1
106290,sleep,1223,1271,1273,3,48,50,48,16.666666666666668,FIFO,fifo_1
106283,sleep,1223,1271,1273,3,48,50,48,16.666666666666668,FIFO,fifo_1
106265,sleep,1223,1273,1275,3,50,52,50,17.333333333333332,FIFO,fifo_1
106266,sleep,1223,1273,1275,3,50,52,50,17.333333333333332,FIFO,fifo_1
106267,sleep,1223,1274,1277,4,51,54,51,13.5,FIFO,fifo_1
106264,sleep,1223,1274,1275,2,51,52,51,26.0,FIFO,fifo_1
106287,sleep,1223,1276,1278,3,53,55,53,18.333333333333332,FIFO,fifo_1
106258,sleep,1223,1276,1278,3,53,55,53,18.333333333333332,FIFO,fifo_1
106294,sleep,1223,1276,1280,5,53,57,53,11.4,FIFO,fifo_1
106288,sleep,1223,1278,1281,4,55,58,55,14.5,FIFO,fifo_1
106259,sleep,1223,1279,1280,2,56,57,56,28.5,FIFO,fifo_1
106257,sleep,1223,1279,1281,3,56,58,56,19.333333333333332,FIFO,fifo_1
106263,sleep,1223,1281,1283,3,58,60,58,20.0,FIFO,fifo_1
106260,sleep,1223,1281,1283,3,58,60,58,20.0,FIFO,fifo_1
106408,sleep,1224,1282,1283,2,58,59,58,29.5,FIFO,fifo_1
106409,sleep,1224,1282,1283,2,58,59,58,29.5,FIFO,fifo_1
106406,sleep,1224,1284,1286,3,60,62,60,20.666666666666668,FIFO,fifo_1
106404,sleep,1224,1284,1285,2,60,61,60,30.5,FIFO,fifo_1
106405,sleep,1224,1284,1286,3,60,62,60,20.666666666666668,FIFO,fifo_1
106402,sleep,1224,1284,1285,2,60,61,60,30.5,FIFO,fifo_1
106407,sleep,1224,1286,1288,3,62,64,62,21.333333333333332,FIFO,fifo_1
106401,sleep,1224,1286,1289,4,62,65,62,16.25,FIFO,fifo_1
106403,sleep,1224,1287,1290,4,63,66,63,16.5,FIFO,fifo_1
106528,sleep,1225,1287,1290,4,62,65,62,16.25,FIFO,fifo_1
106536,sleep,1225,1289,1292,4,64,67,64,16.75,FIFO,fifo_1
106544,sleep,1225,1290,1293,4,65,68,65,17.0,FIFO,fifo_1
106525,sleep,1225,1291,1294,4,66,69,66,17.25,FIFO,fifo_1
106540,sleep,1225,1291,1293,3,66,68,66,22.666666666666668,FIFO,fifo_1
106526,sleep,1225,1293,1295,3,68,70,68,23.333333333333332,FIFO,fifo_1
106527,sleep,1225,1294,1297,4,69,72,69,18.0,FIFO,fifo_1
106543,sleep,1225,1294,1295,2,69,70,69,35.0,FIFO,fifo_1
106542,sleep,1225,1295,1297,3,70,72,70,24.0,FIFO,fifo_1
106516,sleep,1225,1296,1297,2,71,72,71,36.0,FIFO,fifo_1
106541,sleep,1225,1296,1298,3,71,73,71,24.333333333333332,FIFO,fifo_1
106517,sleep,1225,1298,1300,3,73,75,73,25.0,FIFO,fifo_1
106501,sleep,1225,1298,1300,3,73,75,73,25.0,FIFO,fifo_1
106505,sleep,1225,1298,1301,4,73,76,73,19.0,FIFO,fifo_1
106515,sleep,1225,1299,1301,3,74,76,74,25.333333333333332,FIFO,fifo_1
106530,sleep,1225,1301,1304,4,76,79,76,19.75,FIFO,fifo_1
106529,sleep,1225,1301,1304,4,76,79,76,19.75,FIFO,fifo_1
106509,sleep,1225,1302,1304,3,77,79,77,26.333333333333332,FIFO,fifo_1
106508,sleep,1225,1302,1304,3,77,79,77,26.333333333333332,FIFO,fifo_1
106503,sleep,1225,1305,1307,3,80,82,80,27.333333333333332,FIFO,fifo_1
106506,sleep,1225,1305,1307,3,80,82,80,27.333333333333332,FIFO,fifo_1
106504,sleep,1225,1305,1308,4,80,83,80,20.75,FIFO,fifo_1
106531,sleep,1225,1305,1311,7,80,86,80,12.285714285714286,FIFO,fifo_1
106519,sleep,1225,1308,1310,3,83,85,83,28.333333333333332,FIFO,fifo_1
106545,sleep,1225,1308,1310,3,83,85,83,28.333333333333332,FIFO,fifo_1
106550,sleep,1225,1309,1311,3,84,86,84,28.666666666666668,FIFO,fifo_1
106549,sleep,1225,1311,1313,3,86,88,86,29.333333333333332,FIFO,fifo_1
106524,sleep,1225,1311,1314,4,86,89,86,22.25,FIFO,fifo_1
106546,sleep,1225,1312,1315,4,87,90,87,22.5,FIFO,fifo_1
106547,sleep,1225,1312,1314,3,87,89,87,29.666666666666668,FIFO,fifo_1
106523,sleep,1225,1314,1319,6,89,94,89,15.666666666666666,FIFO,fifo_1
106513,sleep,1225,1315,1317,3,90,92,90,30.666666666666668,FIFO,fifo_1
106538,sleep,1225,1315,1317,3,90,92,90,30.666666666666668,FIFO,fifo_1
106510,sleep,1225,1316,1318,3,91,93,91,31.0,FIFO,fifo_1
106539,sleep,1225,1318,1320,3,93,95,93,31.666666666666668,FIFO,fifo_1
106511,sleep,1225,1318,1321,4,93,96,93,24.0,FIFO,fifo_1
106507,sleep,1225,1319,1321,3,94,96,94,32.0,FIFO,fifo_1
106537,sleep,1225,1320,1324,5,95,99,95,19.8,FIFO,fifo_1
106512,sleep,1225,1321,1326,6,96,101,96,16.833333333333332,FIFO,fifo_1
106514,sleep,1225,1322,1324,3,97,99,97,33.0,FIFO,fifo_1
106502,sleep,1225,1322,1325,4,97,100,97,25.0,FIFO,fifo_1
106535,sleep,1225,1325,1327,3,100,102,100,34.0,FIFO,fifo_1
106534,sleep,1225,1325,1327,3,100,102,100,34.0,FIFO,fifo_1
106532,sleep,1225,1326,1329,4,101,104,101,26.0,FIFO,fifo_1
106533,sleep,1225,1327,1332,6,102,107,102,17.833333333333332,FIFO,fifo_1
106518,sleep,1225,1328,1331,4,103,106,103,26.5,FIFO,fifo_1
106521,sleep,1225,1328,1330,3,103,105,103,35.0,FIFO,fifo_1
106548,sleep,1225,1330,1332,3,105,107,105,35.666666666666664,FIFO,fifo_1
106522,sleep,1225,1331,1333,3,106,108,106,36.0,FIFO,fifo_1
106520,sleep,1225,1332,1334,3,107,109,107,36.333333333333336,FIFO,fifo_1
106647,sleep,1227,1333,1336,4,106,109,106,27.25,FIFO,fifo_1
106648,sleep,1227,1333,1336,4,106,109,106,27.25,FIFO,fifo_1
106646,sleep,1227,1334,1338,5,107,111,107,22.2,FIFO,fifo_1
106645,sleep,1227,1335,1338,4,108,111,108,27.75,FIFO,fifo_1
106644,sleep,1227,1337,1341,5,110,114,110,22.8,FIFO,fifo_1
106649,sleep,1227,1337,1340,4,110,113,110,28.25,FIFO,fifo_1
106650,sleep,1227,1339,1342,4,112,115,112,28.75,FIFO,fifo_1
106950,sleep,1230,1339,1341,3,109,111,109,37.0,FIFO,fifo_1
106956,sleep,1230,1341,1342,2,111,112,111,56.0,FIFO,fifo_1
106946,sleep,1230,1342,1344,3,112,114,112,38.0,FIFO,fifo_1
106945,sleep,1230,1342,1344,3,112,114,112,38.0,FIFO,fifo_1
106947,sleep,1230,1343,1345,3,113,115,113,38.333333333333336,FIFO,fifo_1
106948,sleep,1230,1343,1345,3,113,115,113,38.333333333333336,FIFO,fifo_1
106949,sleep,1230,1345,1347,3,115,117,115,39.0,FIFO,fifo_1
106953,sleep,1230,1345,1347,3,115,117,115,39.0,FIFO,fifo_1
106955,sleep,1230,1346,1348,3,116,118,116,39.333333333333336,FIFO,fifo_1
106954,sleep,1230,1346,1347,2,116,117,116,58.5,FIFO,fifo_1
106944,sleep,1230,1348,1350,3,118,120,118,40.0,FIFO,fifo_1
106952,sleep,1230,1348,1350,3,118,120,118,40.0,FIFO,fifo_1
106951,sleep,1230,1348,1350,3,118,120,118,40.0,FIFO,fifo_1
107083,sleep,1231,1349,1351,3,118,120,118,40.0,FIFO,fifo_1
107069,sleep,1231,1351,1353,3,120,122,120,40.666666666666664,FIFO,fifo_1
107068,sleep,1231,1351,1353,3,120,122,120,40.666666666666664,FIFO,fifo_1
107067,sleep,1231,1351,1353,3,120,122,120,40.666666666666664,FIFO,fifo_1
107082,sleep,1231,1352,1354,3,121,123,121,41.0,FIFO,fifo_1
107086,sleep,1231,1354,1357,4,123,126,123,31.5,FIFO,fifo_1
107085,sleep,1231,1354,1356,3,123,125,123,41.666666666666664,FIFO,fifo_1
107065,sleep,1231,1354,1357,4,123,126,123,31.5,FIFO,fifo_1
107062,sleep,1231,1355,1355,1,124,124,124,124.0,FIFO,fifo_1
107060,sleep,1231,1356,1358,3,125,127,125,42.333333333333336,FIFO,fifo_1
107061,sleep,1231,1357,1358,2,126,127,126,63.5,FIFO,fifo_1
107058,sleep,1231,1358,1360,3,127,129,127,43.0,FIFO,fifo_1
107059,sleep,1231,1358,1361,4,127,130,127,32.5,FIFO,fifo_1
107090,sleep,1231,1359,1362,4,128,131,128,32.75,FIFO,fifo_1
107084,sleep,1231,1359,1362,4,128,131,128,32.75,FIFO,fifo_1
107057,sleep,1231,1361,1363,3,130,132,130,44.0,FIFO,fifo_1
107081,sleep,1231,1362,1364,3,131,133,131,44.333333333333336,FIFO,fifo_1
107066,sleep,1231,1363,1365,3,132,134,132,44.666666666666664,FIFO,fifo_1
107093,sleep,1231,1363,1368,6,132,137,132,22.833333333333332,FIFO,fifo_1
107099,sleep,1231,1364,1366,3,133,135,133,45.0,FIFO,fifo_1
107063,sleep,1231,1365,1368,4,134,137,134,34.25,FIFO,fifo_1
107002,tracker-extract-3,1231,18102,18106,5,16871,16875,16871,3375.0,IDLE,idle
107064,sleep,1231,1366,1369,4,135,138,135,34.5,FIFO,fifo_1
107091,sleep,1231,1367,1369,3,136,138,136,46.0,FIFO,fifo_1
107079,sleep,1231,1369,1371,3,138,140,138,46.666666666666664,FIFO,fifo_1
107098,sleep,1231,1369,1372,4,138,141,138,35.25,FIFO,fifo_1
107097,sleep,1231,1370,1373,4,139,142,139,35.5,FIFO,fifo_1
107096,sleep,1231,1370,1374,5,139,143,139,28.6,FIFO,fifo_1
107095,sleep,1231,1372,1375,4,141,144,141,36.0,FIFO,fifo_1
107094,sleep,1231,1373,1376,4,142,145,142,36.25,FIFO,fifo_1
107092,sleep,1231,1374,1377,4,143,146,143,36.5,FIFO,fifo_1
107071,sleep,1231,1375,1377,3,144,146,144,48.666666666666664,FIFO,fifo_1
107070,sleep,1231,1376,1378,3,145,147,145,49.0,FIFO,fifo_1
107087,sleep,1231,1377,1379,3,146,148,146,49.333333333333336,FIFO,fifo_1
107089,sleep,1231,1378,1380,3,147,149,147,49.666666666666664,FIFO,fifo_1
107088,sleep,1231,1378,1380,3,147,149,147,49.666666666666664,FIFO,fifo_1
107078,sleep,1231,1379,1382,4,148,151,148,37.75,FIFO,fifo_1
107077,sleep,1231,1380,1382,3,149,151,149,50.333333333333336,FIFO,fifo_1
107076,sleep,1231,1381,1384,4,150,153,150,38.25,FIFO,fifo_1
107075,sleep,1231,1381,1383,3,150,152,150,50.666666666666664,FIFO,fifo_1
107074,sleep,1231,1383,1385,3,152,154,152,51.333333333333336,FIFO,fifo_1
107073,sleep,1231,1383,1385,3,152,154,152,51.333333333333336,FIFO,fifo_1
107072,sleep,1231,1384,1386,3,153,155,153,51.666666666666664,FIFO,fifo_1
107080,sleep,1231,1385,1387,3,154,156,154,52.0,FIFO,fifo_1
108077,tracker-extract-3,1242,18107,18127,21,16865,16885,16865,804.047619047619,IDLE,idle
109070,kworker/u280:0-ttm,1251,17173,17173,1,15922,15922,15922,15922.0,CFS,cfs_1
109071,kworker/u286:1-ttm,1251,17175,17175,1,15924,15924,15924,15924.0,CFS,cfs_1
109074,kworker/u280:3,1251,17174,17174,1,15923,15923,15923,15923.0,CFS,cfs_1
109060,kworker/u285:1-ttm,1251,17174,17177,4,15923,15926,15923,3981.5,CFS,cfs_1
109179,tracker-extract-3,1253,18109,18122,14,16856,16869,16856,1204.9285714285713,IDLE,idle
110381,tracker-extract-3,1265,18118,18134,17,16853,16869,16853,992.2941176470588,IDLE,idle
